410.jpg,"[White,Female,Extension services,Middle,Square,Center]"
544.jpg,"[White,Female,Extension services,Middle,Potrait,Center]"
551.jpg,"[White,Female,Extension services,Middle,Potrait,Center]"
617.jpg,"[Black,Female,Braids,Middle,Potrait,Center]"
pexels-davi-moreira-2335281.jpg,"[Black,Female,Braids,Middle,Potrait,Center]"
pexels-ogo-1822948.jpg,"[Black,Female,Braids,Middle,Potrait,Center]"
pexels-ogo-1661841.jpg,"[Black,Female,Braids,Middle,Potrait,Center]"
pexels-godisable-jacob-1684319.jpg,"[Black,Female,Braids,Middle,Potrait,Center]"
pexels-ana-carolina-2066035.jpg,"[Black,Female,Braids,Middle,Potrait,Center]"
pexels-tomaz-barcellos-1980984.jpg,"[Black,Female,Braids,Middle,Potrait,Center]"
pexels-michael-alfons-3452879.jpg,"[Black,Female,Braids,Middle,Potrait,Center]"
pexels-ogo-1661837.jpg,"[Black,Female,Braids,Middle,Potrait,Right]"
pexels-gabrielle-durant-12731361.jpg,"[Black,Female,Box Braids,Middle,Potrait,Center]"
pexels-ogo-1822948.jpg,"[Black,Female,Box Braids,Middle,Potrait,Center]"
pexels-jonathan-yakubu-14000152.jpg,"[Black,Female,Box Braids,Middle,Potrait,Center]"
pexels-ruth-malvoisin-10398045.jpg,"[Black,Female,Box Braids,Middle,Potrait,Center]"
pexels-davi-moreira-2335281.jpg,"[Black,Female,Box Braids,Middle,Potrait,Center]"
box_braid_2.jpg,"[Black,Female,Box Braids,Middle,Potrait,Center]"
pexels-kehinde-solomon-o-ogunsanya-11515382.jpg,"[Black,Female,Box Braids,Middle,Potrait,Center]"
box_braid_3.jpg,"[Black,Female,Box Braids,Middle,Potrait,Center]"
pexels-godisable-jacob-871495.jpg,"[Black,Female,Box Braids,Middle,Landscape,Right]"
pexels-el-gringo-photo-14930866.jpg,"[Black,Female,Box Braids,Kids,Potrait,Center]"
122.jpg,"[White,Female,Eyelash fills,Middle,Potrait,Center]"
144.jpg,"[White,Female,Eyelash fills,Middle,Potrait,Center]"
139.jpg,"[White,Female,Eyelash fills,Middle,Potrait,Center]"
Eyelash Extensions (2).jpg,"[White,Female,Eyelash fills,Middle,Landscape,Left, Right]"
Eyelash Extensions (1).jpg,"[Brown,Female,Eyelash fills,Middle,Square,Center]"
Cluster eyelash extension.jpg,"[White,Female,Eyelash fills,Middle,Potrait,Center]"
Classic Eyelash Extensions.jpg,"[White,Female,Eyelash fills,Middle,Square,Center]"
Eyelash Extension Class.jpg,"[White,Female,Eyelash fills,Middle,Landscape,Center]"
126.jpg,"[White,Female,Eyelash fills,Middle,Landscape,Center]"
95149a90-6a66-4fc2-8c41-4b9f9fc91d0d.jpg,"[White,Female,Eyelash Lift,Middle,Potrait,Center]"
Keratin Lash Lift in Sarasota Florida - Lash Boutique.jpg,"[White,Female,Eyelash Lift,Middle,Landscape,Right]"
lash extension.jpg,"[White,Female,Eyelash Lift,Middle,Potrait,Center]"
ee5864c5-c2e3-4126-8e63-566abae0fd78.jpg,"[White,Female,Eyelash Lift,Middle,Potrait,Center]"
download (1).jpg,"[White,Female,Eyelash Lift,Middle,Potrait,Center]"
515.jpg,"[White,Female,Eyelash Lift,Middle,Potrait,Center]"
417.jpg,"[White,Female,Eyelash Lift,Middle,Square,Center]"
download.jpg,"[White,Female,Eyelash Lift,Middle,Potrait,Center]"
143.jpg,"[White,Female,Eyelash Lift,Middle,Potrait,Center]"
97.jpg,"[White,Female,Eyebrows,Middle,Potrait,Center]"
91.jpg,"[White,Female,Eyebrows,Middle,Potrait,Center]"
84.jpg,"[White,Female,Eyebrows,Middle,Potrait,Center]"
99.jpg,"[White,Female,Eyebrows,Middle,Potrait,Center]"
81.jpg,"[White,Female,Eyebrows,Middle,Potrait,Center]"
93.jpg,"[Black,Female,Eyebrows,Middle,Landscape,Center]"
87.jpg,"[White,Female,Eyebrows,Middle,Potrait,Center]"
72.jpg,"[White,Female,Eyebrows,Middle,Potrait,Center]"
71.jpg,"[White,Female,Eyebrows,Middle,Square,Center]"
42.jpg,"[White,Female,facial treatments,Middle,Square,Center]"
59.jpg,"[Black,Female,facial treatments,Middle,Landscape,Center]"
35.jpg,"[Brown,Female,facial treatments,Middle,Potrait,Center]"
36.jpg,"[Black,Female,facial treatments,Middle,Potrait,Center]"
64.jpg,"[White,Female,facial treatments,Middle,Potrait,Center]"
41.jpg,"[White,Female,facial treatments,Middle,Square,Center]"
34.jpg,"[Brown,Female,facial treatments,Middle,Potrait,Center]"
58.jpg,"[Black,Female,facial treatments,Middle,Potrait,Center]"
32.jpg,"[White,Female,Bridal,Middle,Square,Right]"
pexels-min-an-752823.jpg,"[White,Female,Bridal,Middle,Potrait,Center]"
34.jpg,"[White,Female,Bridal,Middle,Square,Center]"
33.jpg,"[White,Female,Bridal,Middle,Square,Center]"
pexels-jonathan-borba-3014853.jpg,"[White,Female,Bridal,Middle,Potrait,Center]"
511.jpg,"[Black,Female, Male,Bridal,Middle,Square,Center]"
35.jpg,"[White,Female,Bridal,Middle,Square,Center]"
31.jpg,"[White,Female,Bridal,Middle,Square,Center]"
23.jpg,"[White,Female,Body Contouring,Middle,Square,Center]"
31.jpg,"[White,Female,Body Contouring,Middle,Potrait,Center]"
30.jpg,"[White,Female,Body Contouring,Middle,Potrait,Center]"
d986831e-f6b8-4249-a4eb-0f516bb848f0.jpg,"[White,Female,Body Contouring,Middle,Square,Center]"
22.jpg,"[none,Female,Body Contouring,Middle,Potrait,Center]"
29.jpg,"[White,Female,Body Contouring,Middle,Potrait,Center]"
25.jpg,"[White,Female,Body Contouring,Middle,Potrait,Center]"
28.jpg,"[White,Female,Body Contouring,Middle,Potrait,Center]"
24.jpg,"[White,Female,Body Contouring,Middle,Potrait,Center]"
Mani1.jpg,"[White,Female,Manicure,Middle,Square,Center]"
Nail treatment process at busy manicure salon_.jpg,"[White,Female,Manicure,Middle,Potrait,Center]"
Free Photo _ Close-up manicurist wearing gloves.jpg,"[White,Female,Manicure,Middle,Landscape,Left]"
Manicure segurando a m√£o do cliente _ Foto Gr√°tis.jpg,"[White,Female,Manicure,Middle,Potrait,Center]"
Mani2.jpg,"[White,Female,Manicure,Middle,Square,Center]"
What Type of Nail File Should You Be Using_.jpg,"[White,Female,Manicure,Middle,Potrait,Center]"
435.jpg,"[White,Female,Manicure,Middle,Potrait,Center]"
Mani3.jpg,"[White,Female,Manicure,Middle,Square,Center]"
Premium Photo _ Side view woman doing the manicure of a client.jpg,"[White,Female,Manicure,Middle,Landscape,Center]"
Naturals Salon _ India‚Äôs Best Beauty Salon Chain.jpg,"[White,Female,Pedicure,Middle,Potrait,Center]"
CURSO PROFISSIONAL DE MANICURE E PEDICURE + ALONGAMENTO DE UNHAS.jpg,"[White,Female,Pedicure,Middle,Potrait,Center]"
333.jpg,"[White,Female,Pedicure,Middle,Potrait,Center]"
Instafeet Review_ Can You Make Money Selling Feet Pics Online_.jpg,"[White,Female,Pedicure,Middle,Potrait,Center]"
445.jpg,"[White,Female,Pedicure,Middle,Landscape,Center]"
446.jpg,"[White,Female,Pedicure,Middle,Potrait,Center]"
The Pedicure Trends Experts Are Skipping This Year‚Äîand 3 They_re Trying Instead.jpg,"[Black,Female,Pedicure,Middle,Potrait,Center]"
444.jpg,"[White,Female,Pedicure,Middle,Potrait,Center]"
Feet in spa massage bath stock photo_ Image of lifestyle - 6816384.jpg,"[White,Female,Pedicure,Middle,Potrait,Center]"
38.jpg,"[Black,Female,Knotless Braids,Middle,Square,Center]"
39.jpg,"[Black,Female,Knotless Braids,Middle,Square,Center]"
37.jpg,"[Black,Female,Knotless Braids,Middle,Square,Center]"
face-treatment-with-a-smile.jpg,"[Black,Female,Acne treatment,Middle,Potrait,Center]"
pexels-anna-nekrashevich-6476081.jpg,"[White,Female,Acne treatment,Middle,Potrait,Center]"
laser-treatment-g0f70a3470_1280.jpg,"[White,Female,Acne treatment,Middle,Landscape,Center]"
Can Acne Be Caused By Stress_.jpg,"[White,Female,Acne treatment,Middle,Potrait,Center]"
How To Get Rid Of Stress Acne.jpg,"[White,Female,Acne treatment,Middle,Square,Center]"
290.jpg,"[Black,Female,Acne treatment,Middle,Landscape,Center]"
pexels-anna-nekrashevich-6476077.jpg,"[White,Female,Acne treatment,Middle,Potrait,Center]"
pexels-cottonbro-studio-4812732.jpg,"[White,Male,Acne treatment,Middle,Potrait,Center]"
Laser Acne Treatment Singapore.jpg,"[White,Female,Acne treatment,Middle,Landscape,Center]"
pexels-antoni-shkraba-6076112.jpg,"[Black,Male,acupunture,Middle,Landscape,Center]"
acupuncture-g0c3d72948_1280.jpg,"[White,Male,acupunture,Middle,Landscape,Center]"
katherine-hanlon-QgcdtM9rA5s-unsplash.jpg,"[White,Female,acupunture,Middle,Landscape,Center]"
acupuncture-g14e9611d9_1280.jpg,"[White,Female,acupunture,Middle,Landscape,Right]"
pexels-rdne-stock-project-8313176.jpg,"[White,Male,acupunture,Middle,Potrait,Center]"
acupuncture-g4cc21c4a4_1280.jpg,"[White,Male,acupunture,Middle,Landscape,Center]"
acupuncture-gdba71737e_1280.jpg,"[Black,Male,acupunture,Middle,Landscape,Center]"
pexels-rdne-stock-project-8312859.jpg,"[Black,Male,acupunture,Middle,Landscape,Left]"
physical-therapy-g443c3d1f8_1280.jpg,"[White,Female,alternative therapy,Middle,Landscape,Center]"
10 Benefits of Massage You Should Know.jpg,"[Black,Female,alternative therapy,Middle,Landscape,Center]"
spa-g84c50f850_1280.jpg,"[White,Female,alternative therapy,Middle,Landscape,Center]"
massage-gc08abd0b1_1280.jpg,"[Brown,Male,alternative therapy,Middle,Landscape,Center]"
hands-g4392a2315_1280.jpg,"[White,Female,alternative therapy,Middle,Landscape,Center]"
massage-gf2a1fcc0b_1280.jpg,"[White,Male,alternative therapy,Middle,Landscape,Center]"
Smiling african young woman relaxing.jpg,"[Black,Female,alternative therapy,Middle,Landscape,Center]"
simon-humler--AakIaAPV0w-unsplash.jpg,"[White,Female,alternative therapy,Middle,Potrait,Center]"
physio-g061b4e7a4_1280.jpg,"[Brown,Male,alternative therapy,Middle,Landscape,Center]"
dentist-g235e89cbf_1280.jpg,"[White,Male,anesthesia, medical services,Kids,Landscape,Center]"
pexels-cottonbro-studio-6502747.jpg,"[White,Male, Female,anesthesia, medical services,Middle,Potrait,Center]"
259.jpg,"[White,Female,artistic services,Middle,Landscape,Right]"
265.jpg,"[Brown,Female,artistic services,Middle,Potrait,Center]"
251.jpg,"[White,Female,artistic services,Middle,Square,Right]"
261.jpg,"[White,Female,artistic services,Middle,Potrait,Center]"
263.jpg,"[Brown,Female,artistic services,Middle,Potrait,Center]"
264.jpg,"[White,Female,artistic services,Middle,Potrait,Center]"
255.jpg,"[Black,Female,artistic services,Middle,Potrait,Center]"
pexels-antoni-shkraba-5178005.jpg,"[White,Female,artistic services,Middle,Landscape,Right]"
pexels-sean-p-twomey-15249623.jpg,"[White, Black,Female,artistic services,Middle,Landscape,Right]"
pexels-kampus-production-7514882.jpg,"[White,Female,artistic services,Middle,Landscape,Center]"
download.jpg,"[White,Male,barber services,Middle,Potrait,Center]"
barber.jpg,"[Brown,Male,barber services,Middle,Square,Left]"
ULG professional scissors.jpg,"[White,Male,barber services,Middle,Square,Right]"
hairdresser-g8f9d3f829_1280.jpg,"[Brown,Male,barber services,Middle,Landscape,Center]"
hairdresser-g2ea281773_1280.jpg,"[Brown,Male,barber services,Middle,Landscape,Center]"
barber_2.jpg,"[White,Male,barber services,Middle,Square,Left]"
barber_3.jpg,"[White,Male,barber services,Middle,Square,Left]"
barber-shop-g6059c79f6_1280.jpg,"[White,Male,barber services,Kids,Landscape,Right]"
pexels-cottonbro-studio-3993447.jpg,"[White,Female,barber services,Middle,Potrait,Right]"
pexels-olia-danilevich-9336031.jpg,"[White,Female,beauty services,Middle,Potrait,Center]"
Beauty Services2.jpg,"[White,Female,beauty services,Middle,Square,Right]"
Beauty Services 4.jpg,"[White,Female,beauty services,Middle,Square,Right]"
Beauty Services.jpg,"[White,Female,beauty services,Middle,Square,Center]"
Beauty Services 3.jpg,"[White,Female,beauty services,Middle,Square,Center]"
fingernails-g92e829c84_1280.jpg,"[White,Female,beauty services,Middle,Landscape,Center]"
people-gfd7d0b3af_1280.jpg,"[White,Female,beauty services,Middle,Landscape,Center]"
pexels-anna-shvets-5069604.jpg,"[White,Female,beauty services,Middle,Potrait,Center]"
pexels-arina-krasnikova-6663368.jpg,"[White,Female,beauty services,Middle,Landscape,Center]"
pexels-gustavo-fring-3985329.jpg,"[White,Female,beauty services,Middle,Landscape,Right]"
Beauty Training3.jpg,"[White,Female,beauty training,Middle,Square,Center]"
Premium Photo _ Young beautiful woman gets facial cleansing procedure in a beauty salon.jpg,"[White,Female,beauty training,Middle,Potrait,Center]"
blog_beauty_pro.jpg,"[White,Female,beauty training,Middle,Landscape,Center]"
Beauty Training.jpg,"[White,Female,beauty training,Middle,Square,Center]"
istockphoto-1326680770-612x612.jpg,"[White,Female,beauty training,Middle,Landscape,Right]"
n-beauty-trainer.jpg,"[White,Female,beauty training,Middle,Landscape,Center]"
Beauty Training2.jpg,"[White,Female,beauty training,Middle,Square,Center]"
63.jpg,"[White,Female,beauty training,Middle,Landscape,Right]"
Beauty Training4.jpg,"[White,Female,beauty training,Middle,Square,Center]"
Beauty Services 4.jpg,"[White,Female,beauty treatment,Middle,Square,Center]"
Beauty Services2.jpg,"[White,Female,beauty treatment,Middle,Square,Center]"
Beauty Services.jpg,"[White,Female,beauty treatment,Middle,Square,Left]"
Is The Facial Dead_.jpg,"[White,Female,beauty treatment,Middle,Potrait,Center]"
Beauty Services 3.jpg,"[White,Female,beauty treatment,Middle,Square,Center]"
Wildberries _ –∞—Ä—Ç–∏–∫—É–ª 36730718.jpg,"[White,Female,bikini wax,Middle,Potrait,Center]"
Waxing (1).jpg,"[Brown,Female,bikini wax,Middle,Square,Center]"
Brazilian or Bikini Wax.jpg,"[White,Female,bikini wax,Middle,Square,Center]"
Vajacial Treatment.jpg,"[White,Female,bikini wax,Middle,Square,Center]"
The Wax Kit - Face _ Bikini.jpg,"[Black,Female,bikini wax, Strip Wax,Middle,Potrait,Center]"
Brazilian _ Bikini Waxing.jpg,"[White,Female,bikini wax, Hard Wax,Middle,Square,Center]"
Wax it Off.jpg,"[White,Female,bikini wax,Middle,Landscape,Center]"
andmetics Retail Range Bikini Wachsstreifen.jpg,"[White,Female,bikini wax, Strip Wax,Middle,Square,Center]"
Waxing.jpg,"[White,Female,bikini wax,Middle,Square,Center]"
454.jpg,"[White,Female,body massage,Middle,Potrait,Right]"
450.jpg,"[White,Male,body massage,Middle,Potrait,Center]"
447.jpg,"[White,Male,body massage,Middle,Potrait,Center]"
449.jpg,"[White,Female,body massage,Middle,Potrait,Center]"
451.jpg,"[White,Female,body massage,Middle,Potrait,Center]"
455.jpg,"[White,Female,body massage,Middle,Potrait,Center]"
452.jpg,"[White,Female,body massage,Middle,Potrait,Center]"
448.jpg,"[White,Female,body massage,Middle,Potrait,Center]"
Waxing Sessions.jpg,"[White,Female,body waxing, Lower Body Wax, Strip Wax,Middle,Square,Left]"
body_waxing_2.jpg,"[White,Female,body waxing, Lower Body Wax, Soft Wax,Middle,Potrait,Center]"
Waxing Services Near me.jpg,"[White,Female,body waxing, Lower Body Wax, Strip Wax,Middle,Landscape,Center]"
body_waxing_1.jpg,"[White,Female,body waxing, Lower Body Wax, Strip Wax,Middle,Potrait,Center]"
Mens Waxing Session.jpg,"[White,Male,body waxing, Upper Body Wax, Strip Wax,Middle,Square,Right]"
body_waxing_4.jpg,"[Black, Brown,Female,body waxing, Upper Body Wax, Strip Wax,Middle,Potrait,Center]"
body_waxing_3.jpg,"[White,Female,body waxing, Strip Wax, Upper Body Wax, Facial waxing,Middle,Square,Right]"
Facial or Body Wax.jpg,"[White,Female,body waxing, Hard Wax, Lower Body Wax,Middle,Square,Center]"
Butterfly Locs.jpg,"[Black,Female,bohemian twist,Middle,Potrait,Center]"
faux locs.jpg,"[Black,Female,bohemian twist,Middle,Potrait,Center]"
Bohemian Twist2.jpg,"[Black,Female,bohemian twist,Middle,Potrait,Center]"
Bohemian Twist1.jpg,"[Black,Female,bohemian twist,Middle,Square,Center]"
Passion twist hairstyle.jpg,"[Black,Female,bohemian twist,Middle,Potrait,Center]"
Copy of How to Make Your Pores Disappear With Makeup.jpg,"[Brown,Female,bridal services,Middle,Potrait,Center]"
Wedding1.jpg,"[White,Female,bridal services,Middle,Square,Center]"
Wedding3.jpg,"[White,Female,bridal services,Middle,Square,Right]"
Wedding4.jpg,"[White,Female,bridal services,Middle,Square,Right]"
Copy of I Just Asked Rosie HW_s Makeup Artist How to Get Glowy Skin That Lasts All Night ‚Äî Who What Wear UK.jpg,"[White,Female,bridal services,Middle,Square,Right]"
Wedding2.jpg,"[White,Female,bridal services,Middle,Square,Center]"
Copy of d879bab7-4d25-4ebb-a239-d4ef15b2b992.jpg,"[White,Female,bridal services,Middle,Potrait,Center]"
Cat eye2.jpg,"[Black,Female,cat eye,Middle,Square,Center]"
Cat eye.jpg,"[White,Female,cat eye,Middle,Square,Center]"
cat eye eyeliner.jpg,"[White,Female,cat eye,Middle,Potrait,Center]"
pexels-amir-seilsepour-3912572.jpg,"[White,Female,cat eye,Middle,Potrait,Center]"
Cat eye3.jpg,"[Brown,Female,cat eye,Middle,Square,Center]"
peel1.jpg,"[White,Female,chemical peels,Middle,Square,Right]"
577.jpg,"[White,Female,chemical peels,Middle,Square,Right]"
peel2.jpg,"[White,Female,chemical peels,Middle,Square,Center]"
331.jpg,"[White,Female,chemical peels,Middle,Potrait,Left]"
578.jpg,"[White,Female,chemical peels,Middle,Potrait,Left]"
Deep-Cleansing or Gold Facial.jpg,"[Brown,Female,chemical peels,Middle,Square,Right]"
DMK Chemical Peel _ Simply Laser.jpg,"[White,Female,chemical peels,Middle,Potrait,Center]"
Chemical Peel.jpg,"[White,Female,chemical peels,Middle,Square,Center]"
Chemical Peel (1).jpg,"[White,Female,chemical peels,Middle,Landscape,Right]"
peel3.jpg,"[Black,Female,chemical peels,Middle,Landscape,Center]"
cook4.jpg,"[White,Male, Female,cooking classes,Middle,Potrait,Center]"
cook2.jpg,"[White,Female,cooking classes,Middle,Potrait,Center]"
cook-gdfdbd1718_1280.jpg,"[White,Male,cooking classes,Middle,Potrait,Center]"
pexels-bulat-khamitov-5643191.jpg,"[White,Male, Female,cooking classes,Middle, Kids,Landscape,Center]"
pexels-rdne-stock-project-5593167.jpg,"[White,Female,cooking classes,Middle,Potrait,Center]"
cook1.jpg,"[Brown,other,cooking classes,Middle,Potrait,Center]"
662.jpg,"[White,Female,cooking classes,Kids,Landscape,Center]"
cook3.jpg,"[White,Female,cooking classes,Middle,Square,Center]"
Invisalign For Teens.jpg,"[White,Female,cosmetic dentistry,Middle,Potrait,Right]"
pexels-anna-shvets-3845759.jpg,"[Black,Female,cosmetic dentistry,Middle,Potrait,Center]"
pexels-anna-shvets-3845736.jpg,"[White,Male,cosmetic dentistry,Middle,Potrait,Right]"
pexels-lu-rodriguez-17225957.jpg,"[White,Female,cosmetic dentistry,Middle, Kids,Landscape,Right]"
pexels-cottonbro-studio-6528908.jpg,"[White,Female,cosmetic dentistry,Middle,Potrait,Center]"
pexels-anna-shvets-3845550.jpg,"[Brown,Male,cosmetic dentistry,Middle,Landscape,Left]"
pexels-karolina-grabowska-6627536.jpg,"[White,Female,cosmetic dentistry,Middle,Landscape,Center]"
pexels-arvind-philomin-12148417.jpg,"[White,Female,cosmetic dentistry,Middle,Square,Center]"
pexels-mm-dental-8260438.jpg,"[White,Female,cosmetic dentistry,Kids,Landscape,Right]"
pexels-karolina-grabowska-6627574.jpg,"[White,Female,cosmetic dentistry,Middle,Landscape,Right]"
Cosmeticinjec2.jpg,"[White,Female,cosmetic injectables,Middle,Square,Left]"
639.jpg,"[White,Female,cosmetic injectables,Middle,Square,Right]"
ci3.jpg,"[White,Female,cosmetic injectables,Middle,Potrait,Center]"
495.jpg,"[White,Female,cosmetic injectables,Middle,Potrait,Center]"
Cosmeticinjec1.jpg,"[White,Female,cosmetic injectables,Middle,Square,Center]"
ci4.jpg,"[White,Female,cosmetic injectables,Middle,Square,Center]"
ci5.jpg,"[White,Female,cosmetic injectables,Middle,Potrait,Left]"
641.jpg,"[White,Female,cosmetic injectables,Middle,Landscape,Right]"
CI1.jpg,"[White,Female,cosmetic injectables,Middle,Potrait,Center]"
pexels-korede-adenola-17253871.jpg,"[Black,Female,crochet,Middle,Potrait,Center]"
pexels-ezekixl-oluwatobi-akinnewu-1002687.jpg,"[Black,Female,crochet,Middle,Potrait,Center]"
pexels-gifty-dzenyo-6151982.jpg,"[Black,Female,crochet,Middle,Potrait,Center]"
Crochet1.jpg,"[Black,Female,crochet,Middle,Square,Center]"
Crochet3.jpg,"[Black,Female,crochet,Middle,Square,Center]"
Crochet2.jpg,"[Black,Female,crochet,Middle,Square,Center]"
570.jpg,"[Black,Female,crochet,Middle,Square,Right, Left]"
pexels-caio-mantovani-15817796.jpg,"[Black,Female,crochet,Middle,Potrait,Center]"
pexels-ogo-1822948.jpg,"[Black,Female,crochet,Middle,Potrait,Center]"
pexels-daniel-duarte-14041401.jpg,"[White,Female,crochet,Kids,Potrait,Center]"
pexels-cottonbro-studio-9836627.jpg,"[Black,Female,crochet,Middle,Potrait,Right]"
pexels-korede-adenola-17253871.jpg,"[Black,Female,crochet,Middle,Potrait,Center]"
Cupping (1).jpg,"[White,Female,cupping therapy,Middle,Landscape,Center]"
Cupping.jpg,"[Brown,Female,cupping therapy,Middle,Square,Center]"
pexels-rdne-stock-project-8312803.jpg,"[Black,Female,cupping therapy,Middle,Landscape,Center]"
pexels-rdne-stock-project-8312856.jpg,"[Black,Female,cupping therapy,Middle,Landscape,Center]"
Healthfully.jpg,"[White,Male,cupping therapy,Middle,Potrait,Center]"
645.jpg,"[White,Female,dermal fillers,Middle,Potrait,Center]"
21 Anti-Aging Breakthroughs.jpg,"[White,Female,dermal fillers,Middle,Potrait,Center]"
3f9561a8-d3a3-4fc2-af4b-f64bdc53d163.jpg,"[White,Female,dermal fillers,Middle,Potrait,Right]"
644.jpg,"[White,Female,dermal fillers,Middle,Landscape,Center]"
How Much Do Filler Treatments in The Colony Cost_.jpg,"[White,Female,dermal fillers,Middle,Square,Center]"
643.jpg,"[White,Female,dermal fillers,Middle,Square,Right]"
Wrinkles2.jpg,"[White,Female,wrinkles,Middle,Square,Center]"
Wrinkle4.jpg,"[White,Female,wrinkles,Middle,Square,Center]"
Wrinkles.jpg,"[White,Female,wrinkles,Old,Square,Center]"
AdobeStock_384405462.jpg,"[White,Female,wrinkles,Old,Landscape,Center]"
Wrinkles3.jpg,"[White,Female,wrinkles,Old,Square,Center]"
6 Ways to Disguise Aging Eyes.jpg,"[White,Female,wrinkles,Middle,Square,Center]"
Eyelash Extensions.jpg,"[White,Female,wispy,Middle,Square,Center]"
Mega Volume Wispy Lashes.jpg,"[White,Female,wispy,Middle,Potrait,Center]"
Wispy2.jpg,"[White,Female,wispy,Middle,Square,Center]"
Lash Extensions.jpg,"[White,Female,wispy,Middle,Potrait,Center]"
Wispy3.jpg,"[White,Female,wispy,Middle,Square,Center]"
Eyelash extensions (1).jpg,"[Brown,Female,wispy,Middle,Square,Center]"
Wispy4.jpg,"[White,Female,wispy,Middle,Square,Center]"
Wispy1.jpg,"[White,Female,wispy,Middle,Square,Center]"
Untitled design (20).jpg,"[Black,Female,wig services,Middle,Square,Center]"
wigs.jpg,"[Black,Female,wig services,Middle,Square,Center]"
14 Inch Short Curly Synthetic Hair Wigs KANEKALON Side Bang Fashion Lady Women.jpg,"[White,Female,wig services,Middle,Square,Center]"
Wig4.jpg,"[Black,Female,wig services,Middle,Square,Center]"
Wig3.jpg,"[White,Female,wig services,Middle,Square,Center]"
pexels-miriam-alonso-7585808.jpg,"[Brown,Female,wig services,Middle,Potrait,Center]"
pexels-mart-production-8846207.jpg,"[White,Female,weight loss services,Middle,Potrait,Center]"
649.jpg,"[White,Female,weight loss services,Middle,Potrait,Center]"
weight-loss-g0eae7fd3b_1280.jpg,"[White,Female,weight loss services,Middle,Landscape,Center]"
pexels-ketut-subiyanto-4474052.jpg,"[White,Female,weight loss services,Middle,Landscape,Right]"
pexels-shvets-production-6975475.jpg,"[White,Female,weight loss services,Middle,Potrait,Center]"
remove-g497f65ba4_1280.jpg,"[White,Female,weight loss services,Middle,Landscape,Center]"
648.jpg,"[Brown,Female,weight loss services,Middle,Landscape,Right]"
belly-g042159dd1_1280.jpg,"[White,Female,weight loss services,Middle,Landscape,Center]"
646.jpg,"[Black,Female,weight loss services,Middle,Square,Center]"
pexels-andres-ayrton-6550872.jpg,"[White,Female,weight loss services,Middle,Potrait,Left]"
pexels-antony-trivet-12882653.jpg,"[none,none,wedding services,none,Potrait,Center]"
Wedding1.jpg,"[White,Female,wedding services,Middle,Square,Center]"
Wedding2.jpg,"[White,Female,wedding services,Middle,Square,Center]"
pexels-fernanda-latronico-673659.jpg,"[White,Male, Female,wedding services,Middle,Potrait,Center]"
pexels-thanh-nhan-17259708.jpg,"[White,Female,wedding services,Middle,Potrait,Center]"
Wedding3.jpg,"[White,Female,wedding services,Middle,Square,Right]"
Wedding4.jpg,"[White,Female,wedding services,Middle,Square,Right]"
pexels-stephen-andrews-9375427.jpg,"[none,none,wedding services,none,Landscape,Center]"
pexels-asad-photo-maldives-169198.jpg,"[White,Male, Female,wedding services,Old, Middle,Landscape,Center]"
hair-gf9b1ef103_1280.jpg,"[White,Female,weaves,Middle,Landscape,Left]"
What_Is_Weave_Hair_Extension_1024x1024.jpg,"[White,Female,weaves,Middle,Landscape,Center]"
Thumbnail-1-9.jpg,"[White,Female,weaves,Middle,Landscape,Right]"
hairstyle-g19f28d2d4_1280.jpg,"[White,Female,weaves,Middle,Landscape,Center]"
woman-g91a3ef8db_1280.jpg,"[White,Female,weaves,Middle,Landscape,Center]"
pexels-koolshooters-7142792.jpg,"[White,Female,weaves,Middle,Potrait,Center]"
411.jpg,"[White,Female,weaves,Middle,Square,Center]"
baylee-gramling-a3xr2mVjT5M-unsplash.jpg,"[White,Female,weaves,Middle,Potrait,Center]"
413.jpg,"[Black,Female,weaves,Middle,Potrait,Center]"
give-yourself.jpg,"[White,Female,weaves,Middle,Landscape,Center]"
weaves.jpg,"[Black,Female,weaves,Middle,Square,Center]"
Weaving.jpg,"[White,Female,weaves,Middle,Landscape,Center]"
Vitamin Injections2.jpg,"[White,Male,vitamin injections,Middle,Square,Center]"
PRP HAIR LOSS TREATMENT IN DUBAI_ IS IT WORTH THE COST_.jpg,"[White,Female,vitamin injections,Middle,Square,Center]"
pexels-cottonbro-studio-7581583.jpg,"[Black,Female,vitamin injections,Middle,Landscape,Center]"
Vitamin Injections.jpg,"[White,Male,vitamin injections,Middle,Square,Center]"
Vitamin A Benefits.jpg,"[White,Female,vitamin injections,Middle,Landscape,Center]"
Vitamin Injections3.jpg,"[White,Female,vitamin injections,Middle,Square,Center]"
Free Photo _ Cosmetic botox injection in female forehead.jpg,"[Brown,Female,vitamin injections,Middle,Landscape,Right]"
Woman getting cosmetics injection in.jpg,"[White,Female,vitamin injections,Middle,Landscape,Left]"
6e976641aca2274b6e7dd9852fe9dfb6.jpg,"[White,Female,vitamin injections,Middle,Potrait,Center]"
vajacial_pieces.jpg,"[White,Female,vajacial,Middle,Square,Right]"
I Was Inspired to DIY My Vajacial ‚Äî Here‚Äôs What Happened.jpg,"[White,Female,vajacial,Middle,Square,Center]"
vajacial_2.jpg,"[White,Female,vajacial,Middle,Square,Center]"
pic2-e1677072678814.jpg,"[White,Female,vajacial,Middle,Landscape,Center]"
vajacial_1.jpg,"[White,Female,vajacial,Middle,Landscape,Center]"
8087007_0023d599_300x300.jpg,"[Black,Female,vajacial,Middle,Square,Left]"
download.jpg,"[Brown,Female,vajacial,Middle,Landscape,Center]"
Jelly Vajacial Mask.jpg,"[White,Female,vajacial,Middle,Landscape,Center]"
vajaical.jpg,"[White,Female,vajacial,Middle,Landscape,Center]"
pexels-jonathan-borba-10561323.jpg,"[White,Female,updos,Middle,Potrait,Right]"
Updos1.jpg,"[White,Female,updos,Middle,Square,Center]"
Updos3.jpg,"[White,Female,updos,Middle,Square,Center]"
hairstyle-gbcbe7cef6_1280.jpg,"[White,Female,updos,Middle,Landscape,Center]"
Updos2.jpg,"[White,Female,updos,Middle,Square,Center]"
alvin-mahmudov-sYIqGW3hufI-unsplash.jpg,"[White,Female,updos,Middle,Potrait,Center]"
discounted services 3.jpg,"[White, Black,Male, Female,discount services,Middle,Square,Center]"
discounted services 1.jpg,"[White,Female,discount services,Middle,Square,Center]"
discounted services 2.jpg,"[White,Female,discount services,Middle,Square,Left]"
pexels-monstera-7353048.jpg,"[Black,Female,yoga and meditation,Potrait,Potrait,Center]"
people-gd1019790d_1280.jpg,"[White,Female,yoga and meditation,Middle,Landscape,Center]"
502.jpg,"[White,Female,yoga and meditation,Middle,Square,Right]"
501.jpg,"[none,Female,yoga and meditation,Middle,Square,Center]"
beach-gd3ab76e16_1280.jpg,"[none,Female,yoga and meditation,Middle,Landscape,Right]"
503.jpg,"[White,Female,yoga and meditation,Middle,Square,Center]"
pexels-roman-davayposmotrim-35987.jpg,"[White,Female,yoga and meditation,Middle,Square,Center]"
pexels-rdne-stock-project-8172941.jpg,"[Black,Male, Female,yoga and meditation,Old,Landscape,Right, Left]"
pexels-antoni-shkraba-6599020.jpg,"[Black,Female,yoga and meditation,Potrait,Potrait,Center]"
ginny-rose-stewart-UxkcSzRWM2s-unsplash.jpg,"[none,Female,yoga and meditation,Middle,Landscape,Right]"
photo-1624561272659-224ea122b2e9.jpg,"[White,Female,dreadlocs,Middle,Potrait,Center]"
5-Dreadlock-Hairstyles-you-Should-Try-Out.jpg,"[Brown,Female,dreadlocs,Kids,Square,Center]"
1200.jpg,"[Black,Female,dreadlocs,Kids,Landscape,Center]"
11-small-side-swept-dreads-CC7LDipp1aw.jpg,"[Black,Female,dreadlocs,Middle,Potrait,Center]"
dreadlocs.jpg,"[Brown,Female,dreadlocs,Middle,Square,Center]"
pexels-cedric-fauntleroy-4270362.jpg,"[White,Female,teeth,Middle,Potrait,Left]"
pexels-anna-shvets-3845626.jpg,"[Black,Female,teeth,Middle,Potrait,Right]"
pexels-karolina-grabowska-6627536.jpg,"[White,Female,teeth,Middle,Landscape,Center]"
teeth 1.jpg,"[White,Female,teeth,Middle,Square,Center]"
pexels-anna-shvets-3845745.jpg,"[White,Male,teeth,Middle,Potrait,Right]"
mouth-gac71ce3ef_1280.jpg,"[White,Female,teeth,Middle,Landscape,Center]"
orthodontist-g2b019e27d_1280.jpg,"[White,Male,teeth,Middle,Landscape,Right]"
teeth 2.jpg,"[White,Female,teeth,Middle,Square,Center]"
pexels-cedric-fauntleroy-4269694.jpg,"[White,Female,teeth,Middle,Landscape,Right]"
teeth 3.jpg,"[White,Male,teeth,Middle,Square,Right]"
672.jpg,"[White,Male,tatto service,Middle,Square,Center]"
pexels-cottonbro-studio-4125582.jpg,"[White,Female,tatto service,Middle,Landscape,Center]"
671.jpg,"[White,Female,tatto service,Middle,Square,Center]"
pexels-jermaine-ulinwa-3321536.jpg,"[Brown,Female,tatto service,Middle,Potrait,Center]"
pexels-leticia-ribeiro-1993189.jpg,"[White,Female,tatto service,Middle,Potrait,Center]"
670.jpg,"[White,Female,tatto service,Middle,Square,Center]"
steven-lozano-aVgANMawYls-unsplash.jpg,"[White,Male,tatto service,Middle,Landscape,Center]"
pexels-ralph-rabago-3214681.jpg,"[Black,Female,tatto service,Middle,Potrait,Center]"
tatoo-gdff6485ca_1280.jpg,"[White,Female,tatto service,Middle,Potrait,Center]"
pexels-kevin-bidwell-2183131.jpg,"[White,Male,tatto service,Middle,Landscape,Center]"
One Spray Tan or Tan Membership.jpg,"[Brown,Female,tanning services,Middle,Square,Right]"
103.jpg,"[White,Female,tanning services,Middle,Square,Left]"
N¬∞10 Blurring Body Glow.jpg,"[Brown,Female,tanning services,Middle,Potrait,Center]"
102.jpg,"[White,Female,tanning services,Middle,Potrait,Left]"
104.jpg,"[White,Female,tanning services,Middle,Square,Right]"
Silky Sand.jpg,"[Brown,Female,tanning services,Middle,Square,Center]"
105.jpg,"[White,Female,tanning services,Middle,Square,Left]"
506.jpg,"[White,Female,sugaring,Middle,Square,Center]"
510.jpg,"[White,Female,sugaring,Middle,Landscape,Right]"
sugaring.jpg,"[White,Female,sugaring,Middle,Landscape,Right]"
509.jpg,"[White,Female,sugaring,Middle,Square,Center]"
240.jpg,"[none,none,sugaring,none,Square,Center]"
132A3282.jpg,"[White,Female,sugaring,Middle,Potrait,Center]"
181.jpg,"[none,Female,sugaring,none,Potrait,Center]"
504.jpg,"[none,none,sugaring,none,Potrait,Center]"
508.jpg,"[none,none,sugaring,none,Square,Right]"
507.jpg,"[none,none,sugaring,none,Square,Center]"
pexels-arina-krasnikova-6998280.jpg,"[White,Female,energy healing,Middle,Potrait,Center]"
pexels-anete-lusina-5240733.jpg,"[White,Female,energy healing,Middle,Potrait,Center]"
Private Energy Healing Sessions _ Neomi May.jpg,"[White,Female,energy healing,Middle,Potrait,Center]"
ENERGY HEALING _ KELSEY KUEHL.jpg,"[White,Female,energy healing,Middle,Potrait,Center]"
An Introduction To Sonopuncture_ What Is Sound Healing And Vibrational Tuning Fork Therapy_.jpg,"[White,Female,energy healing,Middle,Landscape,Center]"
14 Energy Healing Techniques.jpg,"[White,Female,energy healing,Middle,Landscape,Center]"
560.jpg,"[White,Female,energy healing,Middle,Potrait,Center]"
Healthfully.jpg,"[White,Male,energy healing,Middle,Potrait,Center]"
SM3.jpg,"[White,Female,stretch mark treatment,Middle,Square,Center]"
Red vs_ White Stretch Marks_ 5 Things You Need to Know.jpg,"[White,Female,stretch mark treatment,Middle,Potrait,Left]"
9ca393b7-2757-47b5-88f6-7835c2fccc54.jpg,"[Brown,Female,stretch mark treatment,Middle,Potrait,Center]"
This Tattoo Artist With 1_2M Instagram Followers is Treating Stretch Marks With Ink.jpg,"[White,Female,stretch mark treatment,Middle,Landscape,Center]"
monika-kozub-Cdv4Oe6O_3w-unsplash.jpg,"[Black,Female,stretch mark treatment,Middle,Square,Center]"
SM1.jpg,"[White,Female,stretch mark treatment,Middle,Square,Center]"
SM2.jpg,"[Black,Female,stretch mark treatment,Middle,Square,Center]"
eyebrow_wax_2.jpg,"[White,Female,eyebrow waxing, Facial waxing, Hard Wax,Middle,Square,Center]"
Square_Cat_700x700 (10).jpg,"[White,Female,eyebrow waxing, Facial waxing, Hard Wax,Middle,Square,Center]"
How to Wax Your Own Eyebrow With Stencils.jpg,"[White,Female,eyebrow waxing, Facial waxing, Hard Wax,Middle,Square,Center]"
Nad_s Eyebrow Wax Strips Easy Templates - 6 Strips Each - 3 Pack.jpg,"[White,Female,eyebrow waxing, Facial waxing, Strip Wax,Middle,Square,Center]"
Brow Sculpt.jpg,"[White,Female,eyebrow waxing, Strip Wax, Facial waxing,Middle,Square,Center]"
Facial Waxing Treatments.jpg,"[White,Female,eyebrow waxing, Soft Wax, Facial waxing,Middle,Square,Center]"
eyebrow_wax_1.jpg,"[White,Female,eyebrow waxing, Strip Wax, Facial waxing,Middle,Square,Center]"
Eyebrow Waxing.jpg,"[White,Female,eyebrow waxing, Hard Wax, Facial waxing,Middle,Square,Center]"
Spa2.jpg,"[White,Female,spa,Middle,Square,Right]"
Spa3.jpg,"[White,Male,spa,Middle,Square,Center]"
269.jpg,"[none,none,spa,none,Square,Center]"
pexels-anete-lusina-5240739.jpg,"[White,Female,spa,Middle,Landscape,Center]"
Spa4.jpg,"[White,Female,spa,Middle,Square,Center]"
Spa1.jpg,"[none,none,spa,none,Square,Center]"
pexels-anna-tarazevich-6560304.jpg,"[White,Female,spa,Middle,Potrait,Center]"
pexels-anete-lusina-5240642.jpg,"[White,Female,spa,Middle,Potrait,Center]"
pexels-anete-lusina-5240636.jpg,"[White,Female,spa,Middle,Potrait,Center]"
pexels-andrea-piacquadio-3757942.jpg,"[White,Female,spa,Middle,Landscape,Center]"
15.jpg,"[Brown,Female,skin care services,Middle,Square,Center]"
10.jpg,"[Black,Female,skin care services,Middle,Square,Center]"
pexels-koolshooters-7143283.jpg,"[White,Female,skin care services,Middle,Potrait,Left]"
5.jpg,"[White,Female,skin care services,Middle,Square,Center]"
pexels-moose-photos-1586999.jpg,"[White,Female,skin care services,Middle,Potrait,Left]"
0.jpg,"[White,Female,skin care services,Middle,Potrait,Center]"
12.jpg,"[Black,Female,skin care services,Middle,Potrait,Center]"
17.jpg,"[Brown,Female,skin care services,Middle,Potrait,Center]"
19.jpg,"[Black,Female,skin care services,Middle,Potrait,Center]"
1.jpg,"[White,Female,skin care services,Middle,Potrait,Right]"
634.jpg,"[White,Female,sew ins,Middle,Square,Center]"
636.jpg,"[White,Female,sew ins,Middle,Potrait,Left]"
pexels-cedric-fauntleroy-4270094.jpg,"[White,Female,restorative dentistry, medical services,Middle,Landscape,Right]"
85a31290b31bf802ad78fa66d7cbded0.jpg,"[White,Female,restorative dentistry, medical services,Middle,Landscape,Center]"
Macro shot of the broken tooth_.jpg,"[White,Female,restorative dentistry,Middle,Landscape,Center]"
It‚Äôs Easy (and Smart) to Fix a Chipped Tooth.jpg,"[White,Female,restorative dentistry,Middle,Potrait,Center]"
pexels-karolina-grabowska-6627561.jpg,"[White,Female,restorative dentistry, medical services,Middle,Potrait,Center]"
pexels-karolina-grabowska-6627536.jpg,"[White,Female,restorative dentistry, medical services,Middle,Landscape,Center]"
Polished Oral Health Studio.jpg,"[White,Female,restorative dentistry,Middle,Potrait,Center]"
Laser Dentistry ( Using Diode Laser from Germany ).jpg,"[White,Female,restorative dentistry,Middle,Square,Left]"
Restorative Dentistry2.jpg,"[White,Female,restorative dentistry,Middle,Square,Center]"
Restorative Dentistry.jpg,"[White,Female,restorative dentistry,Middle,Square,Center]"
pexels-stephanie-allen-4085446.jpg,"[White,Female,reflexology,Middle,Potrait,Right]"
Foot Reflexology Massage.jpg,"[White,Female,reflexology,Middle,Square,Right]"
559.jpg,"[Brown,Female,reflexology,Middle,Potrait,Center]"
4 Alternatives to Medicine for Pain Management - Oh Lardy.jpg,"[White,Female,reflexology,Middle,Potrait,Center]"
La r√©flexologie plantaire pour les nuls.jpg,"[White,Female,reflexology,Middle,Potrait,Center]"
Qu√© dicen tus pies sobre vos - Ohlal√°.jpg,"[White,Female,reflexology,Middle,Landscape,Right]"
R√©flexologie plantaire _ massez vos pieds contre les maux du quotidien.jpg,"[White,Female,reflexology,Middle,Landscape,Center]"
C√≥mo aliviar el ardor en los pies usando 17 remedios caseros.jpg,"[White,Female,reflexology,Middle,Landscape,Left]"
Spa therapist making reflexology han.jpg,"[Black,Female,reflexology,Middle,Landscape,Center]"
Foot Massage and Benefits on Brain.jpg,"[White,Female,reflexology,Middle,Landscape,Center]"
photographer-gc1fcf39d1_1280.jpg,"[White,Male,portrait photography,Middle,Landscape,Center]"
pexels-noelle-otto-906052.jpg,"[White,Female,portrait photography,Middle,Landscape,Center]"
Portrait photography2.jpg,"[Brown,Female,portrait photography,Middle,Square,Right]"
photographer-g61c7555ad_1280.jpg,"[White,Male,portrait photography,Middle,Potrait,Center]"
Portrait photography.jpg,"[White,Female,portrait photography,Middle,Square,Left]"
Portrait photography3.jpg,"[White,Male,portrait photography,Middle,Square,Center]"
pexels-jackson-david-2952204.jpg,"[Black,Female,portrait photography,Middle,Potrait,Center]"
pexels-keith-lobo-3907595.jpg,"[Brown,Male,portrait photography,Middle,Potrait,Center]"
photographer-g5512baa82_1280.jpg,"[White,Male,portrait photography,Middle,Landscape,Center]"
pexels-thgusstavo-santana-1933873.jpg,"[Brown,Male,portrait photography,Old,Potrait,Center]"
Fibro-COMPRESSED-FINAL.jpg,"[White,Female,plasma fibrolast,Middle,Square,Center]"
Untitled-design-21.jpg,"[White,Female,plasma fibrolast,Middle,Landscape,Right]"
plexr-soft-surgery-london.jpg,"[White,Female,plasma fibrolast,Middle,Landscape,Center]"
fibroblast.jpg,"[White,Female,plasma fibrolast,Middle,Landscape,Right]"
Fibroblast 2.jpg,"[White,Female,plasma fibrolast,Middle,Square,Left]"
Fibroblast 3.jpg,"[White,Female,plasma fibrolast,Middle,Square,Right]"
shutterstock_1517596733.jpg,"[White,Female,plasma fibrolast,Middle,Landscape,Center]"
Fibroblast(1).jpg,"[White,Female,plasma fibrolast,Middle,Square,Center]"
plasmapen.jpg,"[White,Female,plasma fibrolast,Middle,Landscape,Left]"
pen.jpg,"[White,Female,plasma fibrolast,Middle,Landscape,Center]"
Gratz Color in Action Gallery.jpg,"[White,Female,pilates classes,Middle,Potrait,Center]"
Get-Fit Guy - Quick and Dirty Tips.jpg,"[White,Female,pilates classes,Middle,Landscape,Right]"
4321945f-7d63-4293-be17-e8dd49b235f0.jpg,"[White,Female,pilates classes,Middle,Potrait,Center]"
Pilates 101_ Everything You Need to Know Before You Take a Class.jpg,"[White,Female,pilates classes,Middle,Landscape,Center]"
666.jpg,"[Black,Female,pilates classes,Middle,Potrait,Left]"
SCHEDULE ‚Äî Facets Pilates.jpg,"[White,Female,pilates classes,Middle,Potrait,Center]"
10 Things to Know Before Your First Pilates Class.jpg,"[White,Female,pilates classes,Middle,Landscape,Left]"
What To Wear To Pilates.jpg,"[White,Female,pilates classes,Middle,Potrait,Center]"
pexels-angela-roma-7479953.jpg,"[Black,Female,piercing services,Middle,Potrait,Left]"
Piercing Services 1.jpg,"[White,Female,piercing services,Middle,Square,Right]"
pexels-ketut-subiyanto-4349729.jpg,"[Black,Female,piercing services,Middle,Potrait,Center]"
pexels-emiliano-garc√≠a-garrido-17245739.jpg,"[White,Female,piercing services,Middle,Potrait,Left]"
pexels-monstera-5302988.jpg,"[White,Female,piercing services,Middle,Potrait,Center]"
Piercing Services3.jpg,"[White,Female,piercing services,Middle,Square,Center]"
pexels-mental-health-america-(mha)-5543221.jpg,"[White,Male,piercing services,Middle,Landscape,Center]"
pexels-luriko-yamaguchi-2508849.jpg,"[White,Female,piercing services,Middle,Potrait,Center]"
Piercing Services 2.jpg,"[White,Female,piercing services,Middle,Square,Center]"
Basic Piercing.jpg,"[White,Female,piercing services,Middle,Square,Right]"
Ceiling-Mounted Track System.jpg,"[White,Male,physical therapy,Old,Square,Center]"
080fa78a-b0fd-4e61-9985-f7006f4502aa.jpg,"[Black,Male,physical therapy,Middle,Square,Right]"
download.jpg,"[White,Female,physical therapy,Middle,Potrait,Center]"
PT Tech needed at CardioFlex Therapy.jpg,"[White,Female,physical therapy,Middle,Potrait,Right]"
Here_s Where to Go to Become a Physical Therapist Assistant.jpg,"[White,Male,physical therapy,Middle,Potrait,Center]"
669.jpg,"[Black,Male,physical therapy,Middle,Potrait,Center]"
Physical Therapy Photos and Premium High Res Pictures.jpg,"[White,Male,physical therapy,Old,Landscape,Right]"
Free Photo _ Female patient undergoing physical therapy.jpg,"[White,Male,physical therapy,Middle,Square,Center]"
Bachelor of Exercise and Sports Science _ Doctor of Physiotherapy.jpg,"[White,Male,physical therapy,Middle,Potrait,Right]"
Copy of pexels-cottonbro-studio-4753923.jpg,"[Black,Female,personal training,Middle,Landscape,Right]"
294.jpg,"[White,Female,personal training,Middle,Square,Center]"
Copy of pexels-mikhail-nilov-6740346.jpg,"[White,Female,personal training,Middle,Landscape,Center]"
664.jpg,"[White,Male,personal training,Middle,Potrait,Center]"
558.jpg,"[White,Female,personal training,Middle,Potrait,Center]"
Copy of pexels-elina-fairytale-3822668.jpg,"[White,Female,personal training,Middle,Potrait,Center]"
665.jpg,"[Black,Male,personal training,Middle,Square,Center]"
Copy of pexels-andrea-piacquadio-863926.jpg,"[White,Female,personal training,Middle,Landscape,Center]"
Copy of pexels-elina-fairytale-3822718.jpg,"[White,Female,personal training,Middle,Landscape,Center]"
Copy of pexels-cottonbro-studio-4327161.jpg,"[White,Male,personal training,Middle,Potrait,Left]"
PMU.jpg,"[White,Female,permanent makeup,Middle,Square,Center]"
1b2fde6a-6ca2-47c9-b210-9bbe3ab6602b.jpg,"[White,Female,permanent makeup,Middle,Potrait,Center]"
Premium Photo _ Hands in a pink latex medical gloves with tools for permanent makeup.jpg,"[White,Female,permanent makeup,Middle,Potrait,Center]"
Everything You Need to Know About Permanent Makeup.jpg,"[White,Female,permanent makeup,Middle,Potrait,Center]"
Premium Photo _ Permanent makeup permanent eyebrow tattoo tattoo microblading.jpg,"[White,Female,permanent makeup,Middle,Landscape,Center]"
PMU2.jpg,"[White,Female,permanent makeup,Middle,Square,Center]"
Microblading Training.jpg,"[White,Female,permanent makeup,Middle,Potrait,Center]"
690af10d-0f84-4b63-9a41-cd5044546159.jpg,"[White,Female,permanent makeup,Middle,Potrait,Center]"
Makeup - Permanent.jpg,"[White,Female,permanent makeup,Middle,Square,Center]"
01d69d2f-5b47-4762-b3c4-7952f5cbbc72.jpg,"[White,Female,permanent makeup,Middle,Potrait,Center]"
25 Trendy Ways to Wear The Modern Spiral Perm.jpg,"[White,Female,perm,Middle,Potrait,Center]"
perm_1.jpg,"[White,Female,perm,Middle,Square,Center]"
622.jpg,"[Black,Female,feed ins,Middle,Square,Center]"
30 Gorgeous Senegalese Twist Hairstyles for Black Women.jpg,"[Black,Female,feed ins,Middle,Potrait,Center]"
40 Ideas of Feed-In Braids That Are Trendy Right Now - Hair Adviser.jpg,"[Black,Female,feed ins,Middle,Potrait,Center]"
27 Feed-In Braids [NHP Knotless Stitch Braids].jpg,"[Black,Female,feed ins,Middle,Square,Center]"
21 Braided Hairstyles You Need to Try Next.jpg,"[Brown,Female,feed ins,Middle,Potrait,Center]"
25 Tribal Braids That are So Hot Right Now.jpg,"[Black,Female,feed ins,Middle,Potrait,Center]"
40 Stunning Cornrow Hairstyles to Scroll Through.jpg,"[Black,Female,feed ins,Kids,Potrait,Center]"
35 Popular Feed-in Braids Hairstyles for 2023.jpg,"[White,Female,feed ins,Middle,Potrait,Center]"
pexels-elina-fairytale-3822719.jpg,"[White,Female,fitness programs,Middle,Potrait,Center]"
pexels-cliff-booth-4058411.jpg,"[White,Male, Female,fitness programs,Middle,Landscape,Center, Left]"
pexels-ivan-samkov-4164761.jpg,"[White,Male,fitness programs,Middle,Potrait,Right]"
pexels-johnny-garcia-2011383.jpg,"[White,Male,fitness programs,Middle,Potrait,Center]"
Fitness.jpg,"[White,Male, Female,fitness programs,Middle,Landscape,Center, Left, Right]"
pexels-eduardo-romero-1886487.jpg,"[White,Female,fitness programs,Middle,Potrait,Center]"
Gel Nails2.jpg,"[White,Female,Gel Nails,Middle,Square,Center]"
Gel Nails3.jpg,"[White,Female,Gel Nails,Middle,Square,Center]"
Gel Nails4.jpg,"[White,Female,Gel Nails,Middle,Square,Center, Left]"
Gel Nails.jpg,"[White,Female,Gel Nails,Middle,Square,Center]"
pexels-cottonbro-studio-3998427.jpg,"[White,Male,grooming,Middle,Potrait,Center]"
pexels-alexandre-saraiva-carniato-6007397.jpg,"[White,Male,grooming,Middle,Potrait,Center]"
534.jpg,"[White,Male,grooming,Middle,Potrait,Center]"
pexels-cottonbro-studio-3998429.jpg,"[White,Male,grooming,Middle,Potrait,Center]"
pexels-los-muertos-crew-8867539.jpg,"[White,Male,grooming,Middle,Potrait,Center]"
pexels-los-muertos-crew-8867401.jpg,"[White,Male,grooming,Middle,Landscape,Center]"
pexels-jonathan-nenemann-4952623.jpg,"[White,Male,grooming,Middle,Potrait,Center]"
Passion Twist2.jpg,"[Black,Female,passion twist,Middle,Square,Center]"
Passion Twist3.jpg,"[Black,Female,passion twist,Middle,Square,Center]"
short passion twists üòç.jpg,"[Black,Female,passion twist,Middle,Potrait,Center]"
passion twist hair.jpg,"[Black,Female,passion twist,Middle,Potrait,Center]"
Slim Passion Twists ~ Crochet Passion Twists.jpg,"[Black,Female,passion twist,Middle,Potrait,Center]"
passion twist crochet hair.jpg,"[Black,Female,passion twist,Middle,Square,Center]"
422.jpg,"[Black,Female,nail services,Middle,Potrait,Center]"
421.jpg,"[White,Female,nail services,Middle,Potrait,Center]"
418.jpg,"[White,Female,nail services,Middle,Landscape,Right]"
429.jpg,"[White,Female,nail services,Middle,Potrait,Center]"
433.jpg,"[White,Female,nail services,Middle,Potrait,Center]"
416.jpg,"[White,Female,nail services,Middle,Square,Center]"
427.jpg,"[White,Female,nail services,Middle,Potrait,Center]"
415.jpg,"[White,Female,nail services,Middle,Potrait,Center]"
432.jpg,"[White,Female,nail services,Middle,Potrait,Center]"
434.jpg,"[White,Female,nail services,Middle,Potrait,Center]"
pexels-joyce-white-998405.jpg,"[White,Female,nail polish,Middle,Potrait,Center]"
pexels-cottonbro-studio-5870539.jpg,"[Black,Female,nail polish,Middle,Landscape,Center]"
pexels-david-fagundes-1889347.jpg,"[Black,Female,nail polish,Middle,Potrait,Center]"
pexels-leeloo-thefirst-4677845.jpg,"[White,Female,nail polish,Middle,Potrait,Center]"
pexels-mikhail-nilov-6932070.jpg,"[Black,Female,nail polish,Middle,Potrait,Center]"
pexels-cottonbro-studio-3997390.jpg,"[White,Female,nail polish,Middle,Potrait,Left]"
pexels-valeria-boltneva-939836.jpg,"[White,Female,nail polish,Middle,Landscape,Center]"
pexels-cottonbro-studio-4661285.jpg,"[White,Female,nail polish,Middle,Potrait,Center]"
pexels-koolshooters-8945996.jpg,"[White,Female,nail polish,Middle,Potrait,Center]"
pexels-cottonbro-studio-3997389.jpg,"[White,Female,nail polish,Middle,Potrait,Left]"
43.jpg,"[White,Female,microneedling,Middle,Square,Center]"
Microneedling - Was es ist und wof√ºr es angewendet wird! - Salon Strese.jpg,"[White,Female,microneedling,Middle,Square,Center]"
53.jpg,"[White,Female,microneedling,Middle,Potrait,Center]"
679.jpg,"[White,Female,microneedling,Middle,Potrait,Center]"
60.jpg,"[White,Female,microneedling,Middle,Potrait,Center]"
68.jpg,"[White,Female,microneedling,Middle,Potrait,Center]"
70.jpg,"[White,Female,microneedling,Middle,Potrait,Center]"
Our Favorite Microneedling Aftercare Tips for Best Results.jpg,"[White,Female,microneedling,Middle,Potrait,Center]"
62.jpg,"[White,Female,microneedling,Middle,Landscape,Center]"
Dermapen Treatment Cost in Dubai - Laser Skin Care.jpg,"[White,Female,microdermabrasion,Middle,Square,Center]"
Microdermabrasion und Laserbehandlung f√ºr eine feinporige Haut! - Lifestyle Blog und Mamablog aus √ñsterreich.jpg,"[White,Female,microdermabrasion,Middle,Potrait,Left]"
Our Favorite Microneedling Aftercare Tips for Best Results.jpg,"[White,Female,microdermabrasion,Middle,Potrait,Center]"
Microneedling - Was es ist und wof√ºr es angewendet wird! - Salon Strese.jpg,"[White,Female,microdermabrasion,Middle,Square,Center]"
Enhance Microneedling Results.jpg,"[White,Female,microdermabrasion,Middle,Potrait,Center]"
Free Photo _ Patient undergoing microneedling procedure.jpg,"[White,Female,microdermabrasion,Middle,Potrait,Center]"
580.jpg,"[White,Female,microdermabrasion,Old,Square,Center]"
Microdermabrasion vs_ Microneedling.jpg,"[White,Female,microdermabrasion,Middle,Square,Center]"
BB Glow _ Microneedling.jpg,"[White,Female,microdermabrasion,Middle,Square,Center]"
219.jpg,"[Black,Female,microblading,Middle,Potrait,Center]"
440.jpg,"[White,Female,microblading,Middle,Square,Center]"
My Microblading Experience - According to Blaire.jpg,"[White,Female,microblading,Middle,Potrait,Center]"
443.jpg,"[White,Female,microblading,Middle,Potrait,Center]"
Premium Photo _ Beautician applying permanent makeup on eyebrows of young woman.jpg,"[White,Female,microblading,Middle,Potrait,Center]"
pexels-nataliya-vaitkevich-5128219.jpg,"[White,Female,microblading,Middle,Potrait,Center]"
pexels-nataliya-vaitkevich-5128263.jpg,"[White,Female,microblading,Middle,Potrait,Center]"
pexels-antoni-shkraba-5178001.jpg,"[White,Female,microblading,Middle,Potrait,Center]"
268.jpg,"[Brown,Female,microblading,Middle,Potrait,Center]"
Microblading.jpg,"[White,Female,microblading,Middle,Square,Right]"
Men_s Braid.jpg,"[Black,Male,mens braids,Middle,Square,Center]"
handsome-fishbone-braids.jpg,"[Black,Male,mens braids,Middle,Potrait,Center]"
1003675d-d61f-447c-a252-98512e783fdc.jpg,"[Black,Male,mens braids,Middle,Square,Center]"
Two Cornrows Styles.jpg,"[Black,Male,mens braids,Middle,Potrait,Center]"
pin em Braids hairstyle.jpg,"[Black,Male,mens braids,Middle,Potrait,Center]"
braided-and-tapered-hair.jpg,"[Black,Male,mens braids,Middle,Potrait,Center]"
b781dd44-a6c9-4047-b51e-8dcf4d2d7926.jpg,"[Black,Male,mens braids,Middle,Potrait,Center]"
Men Hairstyles.jpg,"[Black,Male,mens braids,Middle,Potrait,Center]"
10 Hair Cuts and Hairstyles We‚Äôre Loving for Guys.jpg,"[White,Male,mens colour,Middle,Square,Center]"
Men_s Color2.jpg,"[White,Male,mens colour,Middle,Square,Center]"
Men_s Color3.jpg,"[White,Male,mens colour,Middle,Square,Center]"
pexels-john-diez-7389077.jpg,"[Black,Male,mens colour,Middle,Potrait,Center]"
Men_s Color.jpg,"[Brown,Male,mens colour,Middle,Square,Center]"
50 Mens Hair Colour Ideas For Men Thinking Of Dying Their Hair.jpg,"[White,Male,mens colour,Middle,Square,Center]"
pexels-pixabay-50709.jpg,"[Brown,Male,meditation,Kids,Landscape,Center]"
10 Powerful Meditation Mudras and How to Use Them.jpg,"[none,Female,meditation,Middle,Square,Center]"
pexels-polina-tankilevitch-4723104.jpg,"[White,Female,meditation,Middle,Potrait,Center]"
pexels-rfstudio-3059892.jpg,"[Black,Female,meditation,Middle,Potrait,Left]"
pexels-pnw-production-8981313.jpg,"[Black,Female,meditation,Middle,Potrait,Center]"
Wellness3.jpg,"[Brown,Male,meditation,Middle,Square,Right]"
pexels-los-muertos-crew-7260776.jpg,"[White,Female,meditation,Old,Landscape,Center]"
Spiritual Meditation ‚Äì What Is It And What Are Its Benefits_.jpg,"[other,Female,meditation,Middle,Potrait,Center]"
pexels-rfstudio-3820380.jpg,"[White,Female,meditation,Middle,Landscape,Left]"
Meditation.jpg,"[White,Female,meditation,Middle,Square,Right]"
pexels-thisisengineering-3912992.jpg,"[White,Male,medical services,Middle,Potrait,Right]"
Medical.jpg,"[White,Female,medical services,Middle,Square,Left]"
pexels-ksenia-chernaya-5752287.jpg,"[White,Female,medical services,Middle,Landscape,Left]"
Atestado m√©dico_ o que √© e quando usar_.jpg,"[White,Male,medical services,Middle,Landscape,Center]"
pexels-cottonbro-studio-7578808.jpg,"[Black,Female,medical services,Middle,Potrait,Center]"
pexels-mikhail-nilov-8942255.jpg,"[White,Male,medical services,Middle,Potrait,Right]"
Types of Health Clinics and the Healthcare Services Offered.jpg,"[Brown,Female,medical services,Middle,Landscape,Right]"
pexels-mikhail-nilov-8941926.jpg,"[White,Female,medical services,Middle,Landscape,Right]"
pexels-ryutaro-tsukata-5473223.jpg,"[White,Male,medical services,Middle,Landscape,Center]"
pexels-mart-production-7088526.jpg,"[White,Female,medical services,Middle,Potrait,Right]"
264.jpg,"[White,Female,makeup services,Middle,Potrait,Right]"
Copy of The Makeup Artist Salary.jpg,"[White,Female,makeup services,Middle,Potrait,Right]"
Copy of Modeling for a Bridal Shoot - Bridal4theWin _ Demi Bang.jpg,"[White,Female,makeup services,Middle,Potrait,Right]"
261.jpg,"[White,Female,makeup services,Middle,Potrait,Left]"
265.jpg,"[White,Female,makeup services,Middle,Potrait,Center]"
263.jpg,"[Brown,Female,makeup services,Middle,Potrait,Right]"
Copy of I Just Asked Rosie HW_s Makeup Artist How to Get Glowy Skin That Lasts All Night ‚Äî Who What Wear UK.jpg,"[White,Female,makeup services,Middle,Square,Right]"
251.jpg,"[White,Female,makeup services,Middle,Square,Right]"
255.jpg,"[Black,Female,makeup services,Middle,Potrait,Center]"
628.jpg,"[Black,Female,loc services,Middle,Potrait,Left]"
626.jpg,"[Black,Female,loc services,Kids,Potrait,Center]"
627.jpg,"[Black,Female,loc services,Middle,Potrait,Center]"
644.jpg,"[White,Female,lip treatments,Middle,Landscape,Center]"
643.jpg,"[White,Female,lip treatments,Middle,Square,Right]"
678.jpg,"[White,Female,lip treatments,Middle,Square,Center]"
316.jpg,"[White,Female,lip treatments,Middle,Potrait,Center]"
322.jpg,"[Brown,Female,lip treatments,Middle,Potrait,Center]"
14.jpg,"[White,Female,light therepy,Middle,Potrait,Left]"
532.jpg,"[White,Female,light therepy,Middle,Landscape,Right]"
505.jpg,"[White,Female,light therepy,Middle,Square,Center]"
659.jpg,"[White,Female,light therepy,Middle,Landscape,Center]"
531.jpg,"[White,Female,light therepy,Middle,Square,Right]"
pexels-canva-studio-3153207.jpg,"[White, Black,Male, Female,business photography,Middle,Landscape,Center]"
pexels-fauxels-3184291.jpg,"[White, Black,Male, Female,business photography,Middle,Landscape,Center]"
pexels-fauxels-3184357.jpg,"[White, Black,Male, Female,business photography,Middle,Landscape,Center]"
pexels-christina-morillo-1181406.jpg,"[White, Black,Male, Female,business photography,Middle,Landscape,Center]"
pexels-canva-studio-3153198.jpg,"[White, Black,Male, Female,business photography,Middle,Landscape,Center]"
Business Photography 3.jpg,"[White, Black,Male, Female,business photography,Middle,Square,Center]"
pexels-fauxels-3184296.jpg,"[White, Black,Male, Female,business photography,Middle,Landscape,Center]"
Business Photography.jpg,"[White, Black,Male, Female,business photography,Middle,Square,Center]"
Business Photography 2.jpg,"[White, Black,Male, Female,business photography,Middle,Square,Center]"
pexels-fauxels-3183183.jpg,"[White, Black,Male, Female,business photography,Middle,Landscape,Center]"
72.jpg,"[White,Female,eyebrow services,Middle,Potrait,Center]"
Test (25).jpg,"[Black,Female,eyebrow services,Middle,Potrait,Center]"
99.jpg,"[White,Female,eyebrow services,Middle,Potrait,Center]"
93.jpg,"[Black,Female,eyebrow services,Middle,Landscape,Center]"
84.jpg,"[White,Female,eyebrow services,Middle,Potrait,Center]"
91.jpg,"[White,Female,eyebrow services,Middle,Potrait,Center]"
81.jpg,"[White,Female,eyebrow services,Middle,Potrait,Center]"
87.jpg,"[White,Female,eyebrow services,Middle,Potrait,Center]"
97.jpg,"[White,Female,eyebrow services,Middle,Potrait,Center]"
New (29).jpg,"[White,Female,eyebrow services,Middle,Landscape,Left]"
142.jpg,"[White,Female,eyelash services,Middle,Potrait,Center]"
145.jpg,"[Brown,Female,eyelash services,Middle,Potrait,Center]"
128.jpg,"[White,Female,eyelash services,Middle,Potrait,Center]"
118.jpg,"[White,Female,eyelash services,Middle,Square,Center]"
109.jpg,"[White,Female,eyelash services,Middle,Potrait,Center]"
141.jpg,"[White,Female,eyelash services,Middle,Potrait,Center]"
138.jpg,"[Black,Female,eyelash services,Middle,Square,Center]"
134.jpg,"[Black,Female,eyelash services,Middle,Potrait,Center]"
119.jpg,"[White,Female,eyelash services,Middle,Potrait,Center]"
123.jpg,"[White,Female,eyelash services,Middle,Square,Center]"
41.jpg,"[White,Female,facial treatments,Middle,Square,Center]"
44.jpg,"[White,Female,facial treatments,Middle,Potrait,Center]"
47.jpg,"[White,Female,facial treatments,Middle,Potrait,Center]"
36.jpg,"[Black,Female,facial treatments,Middle,Potrait,Center]"
46.jpg,"[White,Female,facial treatments,Middle,Potrait,Center]"
35.jpg,"[Brown,Female,facial treatments,Middle,Potrait,Right]"
38.jpg,"[White,Female,facial treatments,Middle,Square,Center]"
40.jpg,"[White,Female,facial treatments,Middle,Square,Center]"
34.jpg,"[Brown,Female,facial treatments,Middle,Potrait,Left]"
42.jpg,"[White,Female,facial treatments,Middle,Square,Left]"
pexels-anna-shvets-3962291.jpg,"[White,Female,grocery shopping,Middle,Potrait,Right]"
grocery shopping.jpg,"[White,Female,grocery shopping,Middle,Square,Right]"
pexels-jack-sparrow-4199400.jpg,"[Brown,Female,grocery shopping,Middle,Potrait,Center]"
GS1.jpg,"[White,Female,grocery shopping,Middle,Square,Left]"
pexels-cottonbro-studio-3737611.jpg,"[White,none,grocery shopping,Middle,Potrait,Center]"
pexels-kampus-production-8422658.jpg,"[White,Male,grocery shopping,Middle,Landscape,Center]"
pexels-jack-sparrow-4047288.jpg,"[Black,Male, Female,grocery shopping,Middle,Landscape,Center]"
GS.jpg,"[none,none,grocery shopping,none,Square,Center]"
pexels-gustavo-fring-3985062.jpg,"[White,Male, Female,grocery shopping,Middle,Landscape,Center]"
pexels-anna-shvets-3962283.jpg,"[White,Female,grocery shopping,Middle,Landscape,Right]"
pexels-kampus-production-8381747.jpg,"[White,Male, Female,group fitness classes,Middle,Landscape,Left]"
pexels-pavel-danilyuk-6339345.jpg,"[White,Female,group fitness classes,Middle,Landscape,Center]"
668.jpg,"[White, Brown,Female,group fitness classes,Middle,Square,Center]"
pexels-d√≥-castle-2158963.jpg,"[White,Male,group fitness classes,Middle,Potrait,Center]"
pexels-matheus-natan-3340318.jpg,"[White,Male, Female,group fitness classes,Middle,Landscape,Center]"
pexels-mateusz-dach-1072705.jpg,"[White,Male,group fitness classes,Middle,Landscape,Center]"
667.jpg,"[White, Black,Male, Female,group fitness classes,Middle,Potrait,Center]"
pexels-mart-production-7894554.jpg,"[White, Black,Female,group fitness classes,Middle,Landscape,Center]"
pexels-mart-production-7894575.jpg,"[White,Female,group fitness classes,Middle,Landscape,Center]"
pexels-pavel-danilyuk-6339336.jpg,"[White,Female,group fitness classes,Middle,Landscape,Center]"
Benefits of Couples Massage.jpg,"[White,Female, Male,group services,Middle,Potrait,Left]"
Couples massage.jpg,"[White,Female, Male,group services,Middle,Landscape,Right]"
Instagram.jpg,"[White,Female,group services,Middle,Square,Center]"
Group Services 1.jpg,"[White,Female,group services,Middle,Square,Center]"
The Beauty Shop - Home Sweet Home.jpg,"[White,Female,group services,Middle,Potrait,Center]"
Group Services 2.jpg,"[White,Female,group services,Middle,Square,Center]"
Spa Birthday Party.jpg,"[White,Female,group services,Middle,Potrait,Center]"
Grroup Services 3.jpg,"[White,Female,group services,Middle,Square,Center]"
239.jpg,"[White,Female,hair saloons,Middle,Potrait,Center]"
237.jpg,"[White,Female,hair saloons,Middle,Landscape,Center]"
236.jpg,"[White,Female,hair saloons,Middle,Potrait,Center]"
244.jpg,"[White,Female,hair saloons,Middle,Potrait,Center]"
233.jpg,"[White,Female,hair saloons,Middle,Square,Right]"
250.jpg,"[White,Female,hair saloons,Middle,Square,Left]"
249.jpg,"[White,Female,hair saloons,Middle,Potrait,Center]"
234.jpg,"[Black,Female,hair saloons,Middle,Potrait,Center]"
247.jpg,"[White,Female,hair saloons,Middle,Potrait,Center]"
232.jpg,"[White,Female,hair saloons,Middle,Square,Center]"
208.jpg,"[White,Female,hair styling,Middle,Potrait,Center]"
210.jpg,"[White,Female,hair styling,Middle,Landscape,Center]"
pexels-koolshooters-7142792.jpg,"[White,Female,hair styling,Middle,Potrait,Center]"
pexels-karolina-grabowska-5240272.jpg,"[White,Female,hair styling,Middle,Landscape,Center]"
203.jpg,"[White,Female,hair styling,Middle,Square,Center]"
pexels-element-digital-973401.jpg,"[White,Female,hair styling,Middle,Landscape,Right]"
211.jpg,"[White,Female,hair styling,Middle,Landscape,Center]"
pexels-element-digital-973403.jpg,"[White,Female,hair styling,Middle,Potrait,Center]"
217.jpg,"[White,Female,hair styling,Middle,Square,Left]"
228.jpg,"[White,Female,hair styling,Middle,Potrait,Center]"
480.jpg,"[Brown,Female,hair treatments,Middle,Square,Center]"
484.jpg,"[White,Female,hair treatments,Middle,Square,Center]"
Casbah Spa _ Salon.jpg,"[Brown,Female,hair treatments,Middle,Square,Center]"
212.jpg,"[White,Female,hair treatments,Middle,Landscape,Center]"
479.jpg,"[White,Female,hair treatments,Middle,Square,Center]"
482.jpg,"[White,Female,hair treatments,Middle,Square,Center]"
IV Therapy.jpg,"[none,none,iv therepy,none,Potrait,Center]"
IV 2.jpg,"[White,Female,iv therepy,Middle,Square,Center]"
IV Vitamin Therapy _ Vitamin Drips in West Hollywood ‚Äî Youth Haus.jpg,"[none,none,iv therepy,none,Square,Center]"
Hangover IV.jpg,"[none,none,iv therepy,none,Square,Center]"
IV 1.jpg,"[White,Female,iv therepy,Middle,Square,Center]"
IV 3.jpg,"[none,none,iv therepy,none,Square,Center]"
Naturopathic Clinic _ Wellness Center _ Integrative Healthcare.jpg,"[none,none,iv therepy,none,Square,Center]"
IV Therapy Session.jpg,"[none,none,iv therepy,none,Square,Center]"
42a74ff4-fea5-465c-bbe0-cbbc3854abdb.jpg,"[White,Male,kids services,Kids,Square,Right]"
pexels-rene-asmussen-13965214.jpg,"[White,Female,kids services,Kids,Landscape,Left]"
573.jpg,"[Black,Female,kids services,Kids,Potrait,Left]"
575.jpg,"[White,Male,kids services,Kids,Potrait,Center]"
574.jpg,"[Black,Female,kids services,Kids,Square,Center]"
At Home Unicorn Spa Birthday Party - See Vanessa Craft.jpg,"[White,Female,kids services,Kids,Potrait,Center]"
pexels-rdne-stock-project-7697361.jpg,"[Black,Male,kids services,Kids,Potrait,Right]"
1259585588_098ff666ff_b.jpg,"[White,Male,kids services,Kids,Potrait,Center]"
pexels-august-de-richelieu-4260099.jpg,"[Black,Male,kids services,Kids,Potrait,Center]"
46.jpg,"[White,Male,mens wax, Hard Wax, Facial waxing,Middle,Square,Center]"
47.jpg,"[White,Male,mens wax, Strip Wax, Upper Body Wax,Middle,Square,Center]"
48.jpg,"[White,Male,mens wax, Strip Wax, Upper Body Wax,Middle,Square,Center]"
49.jpg,"[White,Male,mens wax, Strip Wax, Lower Body Wax,Middle,Square,Center]"
50.jpg,"[White,Male,mens wax, Strip Wax, Upper Body Wax,Middle,Square,Center]"
45.jpg,"[White,Male,mens wax, Hard Wax, Facial waxing,Middle,Square,Center]"
Cosmeticinjec1.jpg,"[White,Female,anesthesia,Middle,Square,Center]"
pexels-antoni-shkraba-5178005.jpg,"[White,Female,artistic services,Middle,Landscape,Right]"
Copy of pexels-los-muertos-crew-7260776.jpg,"[White,Female,awakening programs,Old,Landscape,Right]"
Copy of pexels-pixabay-50709.jpg,"[Brown,Male,awakening programs,Kids,Landscape,Center]"
Copy of pexels-pnw-production-8981313.jpg,"[Black,Female,awakening programs,Middle,Potrait,Center]"
Copy of pexels-polina-tankilevitch-4723104.jpg,"[White,Female,awakening programs,Middle,Potrait,Center]"
Copy of pexels-rfstudio-3059892.jpg,"[Black,Female,awakening programs,Middle,Potrait,Left]"
Copy of pexels-rfstudio-3820380.jpg,"[White,Female,awakening programs,Middle,Landscape,Left]"
Copy of pexels-w-o-l-f-Œª-r-t-13173120.jpg,"[Brown,Male,awakening programs,Middle,Potrait,Center]"
Copy of Premium Vector _ Body silhouette with colorful chakras.jpg,"[none,none,awakening programs,none,Square,Center]"
Copy of Spiritual Meditation ‚Äì What Is It And What Are Its Benefits_.jpg,"[none,none,awakening programs,none,Potrait,Center]"
Awakening Programs 2.jpg,"[none,none,awakening programs,none,Square,Center]"
Awakening Programs.jpg,"[White,Female,awakening programs,Middle,Square,Center]"
Copy of pexels-cliff-booth-4057847.jpg,"[White,Female,awakening programs,Middle,Potrait,Center]"
Copy of pexels-dvine-yoga-4340795.jpg,"[Brown,Male,awakening programs,Old,Landscape,Center]"
Naturals Salon _ India‚Äôs Best Beauty Salon Chain.jpg,"[White,Female,beauty services,Middle,Potrait,Center]"
Copy of A Makeup Artist on the Intimacy of Working With Her Hands - Repeller.jpg,"[Black,Female,bridal services,Middle,Potrait,Center]"
Copy of Behind The Scenes_ New Jersey Based Bridal MakeUp Artist _ MakeUp By Samantha Linn.jpg,"[White,Female,bridal services,Middle,Potrait,Center]"
The most versatile piece of clothing_ The Leggings!.jpg,"[White,Female,yoga and meditation,Middle]"
yoga-g5a59197ce_1280.jpg,"[White,Female,yoga and meditation,Middle]"
yoga-g94b65eb87_1280.jpg,"[White,Female,yoga and meditation,Middle]"
Yogamatten Online bestellen - MASSIVE SPORT _ Lifestyle.jpg,"[White,Male,yoga and meditation,Middle]"
sonnie-hiles-rX8gBeg2WM0-unsplash.jpg,"[White,Female,yoga and meditation,Middle]"
pexels-karolina-grabowska-5714504.jpg,"[White,Female,weight loss services,Middle]"
dentist-g876f8db28_1280.jpg,"[White,Male,teeth,Kids]"
dentist-g3837b66d2_1280.jpg,"[White,Male,teeth,Kids]"
dental-gb564c8e6b_1280.jpg,"[White,Female,teeth,Middle]"
dentist-g2a6440696_1280.jpg,"[White,Male,teeth,Middle]"
dentist-g7d8a4d7ea_1280.jpg,"[White,Male,teeth,Middle]"
dentist-g8c922c7b5_1280.jpg,"[White,Male,teeth,Middle]"
pexels-adrian-boustead-955938.jpg,"[White,Male,tatto service,Middle]"
pexels-cottonbro-studio-4123886.jpg,"[White,Male,tatto service,Middle]"
pexels-cottonbro-studio-5320030.jpg,"[White,Male,tatto service,Middle]"
girl-gecf6a3680_1280.jpg,"[White,Female,tatto service,Middle]"
julia-giacomini-B_VLJouyKR4-unsplash.jpg,"[White,Male,tatto service,Middle]"
Sugaring(1).jpg,"[White,Female,sugaring,Middle]"
TimelessElectrolysis-BodySugaring-845x684.jpg,"[White,Female,sugaring,Middle]"
GettyImages-870922268.jpg,"[White,Female,sugaring,Middle]"
Girl-doing-a-sugaring-epilation-after-a-shower-732x549-thumbnail.jpg,"[White,Female,sugaring,Middle]"
pexels-ben-lyric-8528647.jpg,"[White,Female,stretch mark treatment,Middle]"
pexels-cottonbro-studio-7585311.jpg,"[White,Female,stretch mark treatment,Middle]"
The Difference Between Red And White Stretch Marks.jpg,"[White,Female,stretch mark treatment,Middle]"
Home Remedies for Stretch Marks - Page 3 of 3.jpg,"[White,Female,stretch mark treatment,Middle]"
beauty-gd93302a0b_1280.jpg,"[White,Female,skin care services,Middle]"
face-mask-gf35211d6b_1280.jpg,"[Black,Female,skin care services,Middle]"
natural-gba753247a_1280.jpg,"[White,Female,skin care services,Middle]"
pexels-john-tekeridis-3212164.jpg,"[Brown,Female,skin care services,Middle]"
pexels-polina-kovaleva-5927890.jpg,"[White,Female,skin care services,Middle]"
pexels-shiny-diamond-3762642.jpg,"[White,Female,skin care services,Middle]"
pexels-sora-shimazaki-5938592.jpg,"[Brown,Female,skin care services,Middle]"
spa-g11eaa3d7e_1280.jpg,"[Black,Female,skin care services,Middle]"
woman-g9531e1536_1280.jpg,"[White,Female,skin care services,Middle]"
maxresdefault.jpg,"[White,Female,sew ins,Middle]"
Life Enhancement Wellness Retreats with Kamalaya.jpg,"[Brown,Female,reflexology,Middle]"
pexels-–∞–Ω–Ω–∞-—Ñ–µ–¥–µ–Ω–∫–æ-16148418.jpg,"[White,Female,reflexology,Middle]"
What is Reflexology_ It_s more than just a foot massage! - Spafinder.jpg,"[White,Female,reflexology,Middle]"
cursos de podolog√≠a - cursos online _ Euroinnova.jpg,"[White,Female,reflexology,Middle]"
Huit zones du pied √† masser pour s_endormir plus rapidement le soir.jpg,"[White,Female,reflexology,Middle]"
10 Real Benefits of Pilates Your Body Will Love!.jpg,"[White,Female,pilates classes,Middle]"
The Best Pilates Workout Schedule for You.jpg,"[White,Female,pilates classes,Middle]"
Fake lip or nose ring in gold.jpg,"[Black,Female,piercing services,Middle]"
Gift Idea Pearl Cartilage Piercing Silver _ Gold Filled - Etsy.jpg,"[White,Female,piercing services,Middle]"
Hoop Earring Sterling Silver TWISTED Cartilage Tragus Helix - Etsy.jpg,"[White,Female,piercing services,Middle]"
The Difference Between an Occupational Therapy Assistant _ a Physical Therapy Assistant.jpg,"[White,Female, Male,physical therapy,Middle]"
5 Ways to Deal With Phantom Limb Pain After Amputation.jpg,"[White,Female, Male,physical therapy,Middle]"
Copy of Why I_m Glad I Trained with a Run Coach for My First Marathon.jpg,"[White,Female, Male,personal training,Middle]"
Copy of pexels-mikhail-nilov-6740347.jpg,"[White, Black,Female, Male,personal training,Middle]"
Copy of pexels-pixabay-414029.jpg,"[White,Female, Male,personal training,Middle]"
Premium Photo _ Permanent make up on eyebrows_.jpg,"[White,Female,permanent makeup,Middle]"
The Brow Exchange _ Microblading Permanent Makeup Studio in Plano TX.jpg,"[White,Female,permanent makeup,Middle]"
–§–û–ù–´ _ –í–ò–î–ï–û _ –ë–¨–Æ–¢–ò (–≤–¥–æ—Ö–Ω–æ–≤–µ–Ω–∏–µ –∏ —ç—Å—Ç–µ—Ç–∏–∫–∞).jpg,"[White,Female,permanent makeup,Middle]"
PMU3.jpg,"[White,Female,permanent makeup,Middle]"
PMU4.jpg,"[White,Female,permanent makeup,Middle]"
Premium Photo _ Markup with pencil on eyebrows.jpg,"[White,Female,permanent makeup,Middle]"
30 Gorgeous Passion Twists Styles to Try in 2023.jpg,"[Black,Female,passion twist,Middle]"
885b0183-f562-42a9-a200-c515b5dc5753.jpg,"[White,Female,passion twist,Middle]"
Nail Trends 2023 Spring - My Affordable Beauty Tips.jpg,"[White,Female,nail services,Middle]"
How Much Should You Tip Your Nail Tech_ We Went Directly to the Pros to Find Out.jpg,"[White,Female,nail services,Middle]"
My Damaged Nails Have Never Looked Better Thanks to This Trending Product ‚Äî Who What Wear UK.jpg,"[Black,Female,nail services,Middle]"
pexels-cottonbro-studio-3997378.jpg,"[White,Female,nail polish,Middle]"
pexels-cottonbro-studio-3997384.jpg,"[White,Female,nail polish,Middle]"
421.jpg,"[White,Female,nail polish,Middle]"
432.jpg,"[White,Female,nail polish,Middle]"
NailPolish1.jpg,"[White,Female,nail polish,Middle]"
NailPolish2.jpg,"[White,Female,nail polish,Middle]"
Enhance Microneedling Results.jpg,"[White,Female,microneedling,Middle]"
Dermapen Treatment Cost in Dubai - Laser Skin Care.jpg,"[White,Female,microneedling,Middle]"
pexels-john-diez-7389088.jpg,"[Black, White,Male, Female,mens colour,Middle]"
LifestylePhotography.jpg,"[White,Male,lifestyle photography,Middle]"
LifestylePhotography2.jpg,"[none,Male,lifestyle photography,Middle]"
pexels-cottonbro-studio-3584951.jpg,"[White,Female,lifestyle photography,Middle]"
pexels-jasmin-chew-5390337.jpg,"[Brown,Female,lifestyle photography,Middle]"
pexels-george-milton-7014945.jpg,"[White,Female,lifestyle photography,Middle]"
36.jpg,"[Black,Female,Knotless Braids,Middle]"
pexels-andrea-piacquadio-903171.jpg,"[White,Female,group fitness classes,Middle]"
pexels-andrea-piacquadio-3768593.jpg,"[Black,Female,group fitness classes,Middle]"
pexels-koolshooters-6246671.jpg,"[White,Female,group fitness classes,Middle]"
pexels-rui-dias-1472887.jpg,"[White,Female,group fitness classes,Middle]"
pexels-andrea-piacquadio-864939.jpg,"[Black,Female,group fitness classes,Middle]"
pexels-thgusstavo-santana-2062463.jpg,"[Brown,Male,grooming,Middle]"
pexels-m√≠dia-897251.jpg,"[White,Male,grooming,Middle]"
pexels-rdne-stock-project-7697478.jpg,"[Black,Male,grooming,Middle]"
pexels-solodsha-7664093.jpg,"[White,Female,Gel Nails,Middle]"
pexels-this-is-zun-1164339.jpg,"[White,Female,Gel Nails,Middle]"
pexels-valeria-boltneva-939836.jpg,"[White,Female,Gel Nails,Middle]"
Simple Nail Ideas for School Season.jpg,"[White,Female,Gel Nails,Middle]"
pexels-cottonbro-studio-3997376.jpg,"[White,Female,Gel Nails,Middle]"
pexels-cottonbro-studio-3997386.jpg,"[White,Female,Gel Nails,Middle]"
pexels-cottonbro-studio-3997389.jpg,"[White,Female,Gel Nails,Middle]"
pexels-kristina-paukshtite-704815.jpg,"[White,Female,Gel Nails,Middle]"
pexels-nathan-cowley-1199590.jpg,"[White,Female,fitness programs,Middle]"
pexels-pikx-by-panther-1547248.jpg,"[Black,Male,fitness programs,Middle]"
pexels-pixabay-35009.jpg,"[Brown,Male,fitness programs,Middle]"
pexels-pixabay-416778.jpg,"[White,Female,fitness programs,Middle]"
Fitness2.jpg,"[none,none,fitness programs,Middle]"
pexels-mart-production-8846565.jpg,"[Black,Female,fitness programs,Middle]"
pexels-nappy-936075.jpg,"[Black,Female,fitness programs,Middle]"
pexels-nathan-cowley-1153369.jpg,"[Black,Female,fitness programs,Middle]"
FeedIns2.jpg,"[Black,Female,feed ins,Middle]"
Haircut Style Trends For Long And Short Hair.jpg,"[Black,Female,feed ins,Middle]"
How Much Hair Should I Buy_ The Complete Guide!.jpg,"[Black,Female,feed ins,Middle]"
FeedIns.jpg,"[Black,Female,feed ins,Middle]"
pexels-arina-krasnikova-6998597.jpg,"[White,Female,energy healing,Middle]"
pexels-thirdman-6957066.jpg,"[White,Female, Male,energy healing,Middle]"
Sound Therapy Course _ Sound Healing Training Diploma.jpg,"[none,none,energy healing,none]"
pexels-any-lane-5946057.jpg,"[none,none,detoxification services,none]"
pexels-charlotte-may-5946627.jpg,"[none,none,detoxification services,none]"
pexels-cottonbro-studio-3998013.jpg,"[Brown,Female,detoxification services,Middle]"
pexels-cottonbro-studio-7233264.jpg,"[White,Female,detoxification services,Middle]"
pexels-monstera-6621434.jpg,"[none,none,detoxification services,none]"
pexels-olia-danilevich-9336031.jpg,"[White,Female,detoxification services,Middle]"
pexels-polina-tankilevitch-4443494.jpg,"[none,none,detoxification services,none]"
pexels-solodsha-9009820.jpg,"[none,none,detoxification services,none]"
Slimming Vegetable Soup.jpg,"[none,none,detoxification services,none]"
Super Green Detox Salad _ Well and Full.jpg,"[none,none,detoxification services,none]"
10 smoothies detox parfaits pour se sentir bien d√®s le matin ! En plus ils sont vraiment d√©licieux !.jpg,"[none,none,detoxification services,none]"
15 DIYs to Treat Yourself to an At-Home Spa Day _ ehow_com.jpg,"[White,Female,detoxification services,Middle]"
Cucumber Lemon Ginger Water - A Refreshing and Hydrating Detox Water.jpg,"[none,none,detoxification services,none]"
Detox1.jpg,"[Brown,Female,detoxification services,Middle]"
Detox2.jpg,"[Brown,Female,detoxification services,Middle]"
Detox3.jpg,"[none,none,detoxification services,none]"
Green Juice Recipe.jpg,"[none,none,detoxification services,none]"
